Sample,Group
SRR2969807,Middle East
SRR2969860,Qatari
SRR2969936,Middle East
SRR2130833,Qatari
SRR2130565,Qatari
SRR2969953,South Asia
SRR2969786,Qatari
SRR2130650,Qatari
SRR2125288,Qatari
SRR2130439,Qatari
SRR2130896,Qatari
SRR2130589,Qatari
SRR2130402,Qatari
SRR2125295,Qatari
SRR2141721,Qatari
SRR2130750,Qatari
SRR2141770,Qatari
SRR2130953,Qatari
SRR2130512,Qatari
SRR2130838,Qatari
SRR2130467,Qatari
SRR2130754,Qatari
SRR2969794,South Asia
SRR2969658,Qatari
SRR2141745,Qatari
SRR2969731,Middle East
SRR2130722,Qatari
SRR2969744,Middle East
SRR2130399,Qatari
SRR2130564,Qatari
SRR2969781,Middle East
SRR2130363,Qatari
SRR2969908,America
SRR2969667,Qatari
SRR2125435,Qatari
SRR2125358,Qatari
SRR2969803,South Asia
SRR2130685,Qatari
SRR2969835,Africa
SRR2130681,Qatari
SRR2125381,Qatari
SRR2130870,Qatari
SRR2130579,Qatari
SRR2969761,South Asia
SRR2125346,Qatari
SRR2969951,Qatari
SRR2969791,South Asia
SRR2125433,Qatari
SRR2130845,Qatari
SRR2969612,Qatari
SRR2141756,Qatari
SRR2130878,Qatari
SRR2141792,Qatari
SRR2969861,Middle East
SRR2130525,Qatari
SRR2130684,Qatari
SRR2969639,Qatari
SRR2141733,Qatari
SRR2969873,Middle East
SRR2130361,Qatari
SRR2130781,Qatari
SRR2130869,Qatari
SRR2130979,Qatari
SRR2969945,Africa
SRR2130567,Qatari
SRR2130931,Qatari
SRR2130461,Qatari
SRR2130828,Qatari
SRR2969903,Middle East
SRR2969867,Middle East
SRR2141799,Qatari
SRR2130605,Qatari
SRR2130499,Qatari
SRR2130586,Qatari
SRR2130863,Qatari
SRR2130827,Qatari
SRR2141747,Qatari
SRR2969921,Qatari
SRR2969709,Qatari
SRR2130393,Qatari
SRR2125356,Qatari
SRR2130895,Qatari
SRR2141766,Qatari
SRR2969767,Middle East
SRR2130396,Qatari
SRR2130775,Qatari
SRR2130644,Qatari
SRR2969776,Middle East
SRR2969879,Qatari
SRR2130591,Qatari
SRR2130806,Qatari
SRR2130807,Qatari
SRR2969857,Middle East
SRR2969769,South Asia
SRR2130547,Qatari
SRR2969734,Middle East
SRR2130961,Qatari
SRR2969649,Qatari
SRR2130733,Qatari
SRR2130528,Qatari
SRR2969783,Qatari
SRR2969915,Africa
SRR2130967,Qatari
SRR2969713,Qatari
SRR2125278,Qatari
SRR2130796,Qatari
SRR2130891,Qatari
SRR2125366,Qatari
SRR2130678,Qatari
SRR2130943,Qatari
SRR2130578,Qatari
SRR2130791,Qatari
SRR2969719,Middle East
SRR2969615,Qatari
SRR2130802,Qatari
SRR2130689,Qatari
SRR2130839,Qatari
SRR2125432,Qatari
SRR2130369,Qatari
SRR2969647,Qatari
SRR2130735,Qatari
SRR2969813,Middle East
SRR2130683,Qatari
SRR2130903,Qatari
SRR2969739,Middle East
SRR2969785,Qatari
SRR2130569,Qatari
SRR2130590,Qatari
SRR2125355,Qatari
SRR2969657,Qatari
SRR2130965,Qatari
SRR2130959,Qatari
SRR2969932,Middle East
SRR2130492,Qatari
SRR2130670,Qatari
SRR2130687,Qatari
SRR2969614,Middle East
SRR2141771,Qatari
SRR2130536,Qatari
SRR2130899,Qatari
SRR2130859,Qatari
SRR2130746,Qatari
SRR2130867,Qatari
SRR2130894,Qatari
SRR2130611,Qatari
SRR2130926,Qatari
SRR2969850,Africa
SRR2969886,Middle East
SRR2130621,Qatari
SRR2969740,Middle East
SRR2130728,Qatari
SRR2141798,Qatari
SRR2130944,Qatari
SRR2125413,Qatari
SRR2130380,Qatari
SRR2969711,Qatari
SRR2125387,Qatari
SRR2141731,Qatari
SRR2130372,Qatari
SRR2130847,Qatari
SRR2130524,Qatari
SRR2130642,Qatari
SRR2141787,Qatari
SRR2969816,Middle East
SRR2141748,Qatari
SRR2141782,Qatari
SRR2130858,Qatari
SRR2141720,Qatari
SRR2969897,Qatari
SRR2130809,Qatari
SRR2969697,Qatari
SRR2130550,Qatari
SRR2969955,South Asia
SRR2130606,Qatari
SRR2130658,Qatari
SRR2125334,Qatari
SRR2130581,Qatari
SRR2130543,Qatari
SRR2125361,Qatari
SRR2130427,Qatari
SRR2130409,Qatari
SRR2969637,Qatari
SRR2130720,Qatari
SRR2130777,Qatari
SRR2141716,Qatari
SRR2130677,Qatari
SRR2969892,Middle East
SRR2130466,Qatari
SRR2969885,Middle East
SRR2969624,Qatari
SRR2969894,Qatari
SRR2130850,Qatari
SRR2969665,Qatari
SRR2969874,Middle East
SRR2969795,Middle East
SRR2130513,Qatari
SRR2130855,Qatari
SRR2969937,Middle East
SRR2141737,Qatari
SRR2130375,Qatari
SRR2969817,Middle East
SRR2125292,Qatari
SRR2130981,Qatari
SRR2969693,Qatari
SRR2130759,Qatari
SRR2969617,Qatari
SRR2969648,Qatari
SRR2125428,Qatari
SRR2969679,Qatari
SRR2130448,Qatari
SRR2130779,Qatari
SRR2130709,Qatari
SRR2969682,Qatari
SRR2130373,Qatari
SRR2130442,Qatari
SRR2130479,Qatari
SRR2969716,Qatari
SRR2130712,Qatari
SRR2125396,Qatari
SRR2969956,South Asia
SRR2969864,Qatari
SRR2969866,Middle East
SRR2125414,Qatari
SRR2130389,Qatari
SRR2141786,Qatari
SRR2969644,Qatari
SRR2130666,Qatari
SRR2969940,Africa
SRR2969800,Middle East
SRR2141777,Qatari
SRR2130793,Qatari
SRR2130488,Qatari
SRR2130697,Qatari
SRR2130626,Qatari
SRR2969684,Qatari
SRR2969611,Qatari
SRR2130607,Qatari
SRR2130721,Qatari
SRR2141734,Qatari
SRR2130923,Qatari
SRR2969774,South Asia
SRR2125418,Qatari
SRR2130406,Qatari
SRR2125289,Qatari
SRR2130956,Qatari
SRR2969687,Middle East
SRR2969965,Qatari
SRR2130880,Qatari
SRR5264033,Qatari
SRR2130556,Qatari
SRR2969689,Middle East
SRR2130629,Qatari
SRR2969738,Middle East
SRR2130577,Qatari
SRR2130773,Qatari
SRR2125375,Qatari
SRR2969847,Middle East
SRR2130633,Qatari
SRR2130854,Qatari
SRR2130522,Qatari
SRR2130788,Qatari
SRR2130455,Qatari
SRR2969882,Middle East
SRR2130503,Qatari
SRR2125373,Qatari
SRR2141772,Qatari
SRR2969718,Middle East
SRR2969896,Qatari
SRR2130686,Qatari
SRR2130757,Qatari
SRR2130377,Qatari
SRR2130748,Qatari
SRR2130957,Qatari
SRR2130952,Qatari
SRR2969760,Middle East
SRR2969616,Qatari
SRR2141778,Qatari
SRR2130391,Qatari
SRR2969705,Qatari
SRR2130798,Qatari
SRR2141762,Qatari
SRR2130813,Qatari
SRR2130846,Qatari
SRR2130557,Qatari
SRR2125430,Qatari
SRR2130935,Qatari
SRR2969710,Qatari
SRR2969750,Middle East
SRR2969756,Qatari
SRR2125330,Qatari
SRR2130367,Qatari
SRR2969870,Middle East
SRR2969875,South Asia
SRR2130671,Qatari
SRR2130815,Qatari
SRR2141736,Qatari
SRR2969881,Middle East
SRR2969755,Middle East
SRR2130857,Qatari
SRR2130942,Qatari
SRR2125359,Qatari
SRR2969629,Qatari
SRR2130486,Qatari
SRR2130852,Qatari
SRR2969757,Africa
SRR2969780,Middle East
SRR2969627,Qatari
SRR2130625,Qatari
SRR2130437,Qatari
SRR2130449,Qatari
SRR2969728,Middle East
SRR2969660,Qatari
SRR2969912,Qatari
SRR2130900,Qatari
SRR2130597,Qatari
SRR2130927,Qatari
SRR2130702,Qatari
SRR2130501,Qatari
SRR2130800,Qatari
SRR2969963,Middle East
SRR2141728,Qatari
SRR2130480,Qatari
SRR2125412,Qatari
SRR2125369,Qatari
SRR2130714,Qatari
SRR2130538,Qatari
SRR2130763,Qatari
SRR2125344,Qatari
SRR2130786,Qatari
SRR2130395,Qatari
SRR2125335,Qatari
SRR2969733,Middle East
SRR2969939,Africa
SRR2969652,Qatari
SRR2130679,Qatari
SRR2130443,Qatari
SRR2130978,Qatari
SRR2141727,Qatari
SRR2969623,Qatari
SRR2141732,Qatari
SRR2130897,Qatari
SRR2125422,Qatari
SRR2130604,Qatari
SRR2130871,Qatari
SRR2969865,Middle East
SRR2130613,Qatari
SRR2969931,Qatari
SRR2969788,Qatari
SRR2969654,Qatari
SRR2130596,Qatari
SRR2969720,Middle East
SRR2130539,Qatari
SRR2969625,Qatari
SRR2141789,Qatari
SRR2130570,Qatari
SRR2130898,Qatari
SRR2125284,Qatari
SRR2125372,Qatari
SRR2130970,Qatari
SRR2130620,Qatari
SRR2130394,Qatari
SRR2969751,Middle East
SRR2130741,Qatari
SRR2130382,Qatari
SRR2125349,Qatari
SRR2141761,Qatari
SRR2969787,Qatari
SRR2969645,Qatari
SRR2130972,Qatari
SRR2130778,Qatari
SRR2130431,Qatari
SRR2125434,Qatari
SRR2130928,Qatari
SRR2130823,Qatari
SRR2130701,Qatari
SRR2130405,Qatari
SRR2969670,Qatari
SRR2130695,Qatari
SRR2130540,Qatari
SRR2125298,Qatari
SRR2130836,Qatari
SRR2130753,Qatari
SRR2130628,Qatari
SRR2130739,Qatari
SRR2130510,Qatari
SRR2130934,Qatari
SRR2969766,Middle East
SRR2969799,Africa
SRR2141754,Qatari
SRR2969826,Middle East
SRR2125287,Qatari
SRR2130803,Qatari
SRR2130630,Qatari
SRR2130723,Qatari
SRR2130848,Qatari
SRR2969675,Qatari
SRR2969722,South Asia
SRR2130940,Qatari
SRR2130639,Qatari
SRR2969726,Middle East
SRR2125351,Qatari
SRR2130601,Qatari
SRR2130771,Qatari
SRR2969653,Qatari
SRR2125365,Qatari
SRR2130417,Qatari
SRR2141776,Qatari
SRR2130885,Qatari
SRR2130737,Qatari
SRR2969949,Qatari
SRR2969779,Africa
SRR2130583,Qatari
SRR2130948,Qatari
SRR2130711,Qatari
SRR2130460,Qatari
SRR2969706,Qatari
SRR2130719,Qatari
SRR2125352,Qatari
SRR2969842,Middle East
SRR2130652,Qatari
SRR2969632,Qatari
SRR2125276,Qatari
SRR2125390,Qatari
SRR2130509,Qatari
SRR2130742,Qatari
SRR2969749,South Asia
SRR2130841,Qatari
SRR2969957,South Asia
SRR2125409,Qatari
SRR2125407,Qatari
SRR2130660,Qatari
SRR2130473,Qatari
SRR2969743,South Asia
SRR2130553,Qatari
SRR2141739,Qatari
SRR2130599,Qatari
SRR2130856,Qatari
SRR2141783,Qatari
SRR2969764,East Asia
SRR2969778,Middle East
SRR2125325,Qatari
SRR2130718,Qatari
SRR2130877,Qatari
SRR2130421,Qatari
SRR2969893,Middle East
SRR2130969,Qatari
SRR2130411,Qatari
SRR2125363,Qatari
SRR2130371,Qatari
SRR2969819,America
SRR2125384,Qatari
SRR2969808,Middle East
SRR2969838,Africa
SRR2130505,Qatari
SRR2130574,Qatari
SRR2125364,Qatari
SRR2130623,Qatari
SRR2125296,Qatari
SRR2130532,Qatari
SRR2969898,Middle East
SRR2125285,Qatari
SRR2130487,Qatari
SRR2130887,Qatari
SRR2130724,Qatari
SRR2969833,South Asia
SRR2130822,Qatari
SRR2130507,Qatari
SRR2130415,Qatari
SRR2130641,Qatari
SRR2130872,Qatari
SRR2969895,Qatari
SRR2969891,Middle East
SRR2969907,Middle East
SRR2130963,Qatari
SRR2130752,Qatari
SRR2130883,Qatari
SRR2969935,Middle East
SRR2969725,South Asia
SRR2130508,Qatari
SRR2130843,Qatari
SRR2141760,Qatari
SRR2130906,Qatari
SRR2969796,Middle East
SRR2130388,Qatari
SRR2130464,Qatari
SRR2969777,Middle East
SRR2969821,South Asia
SRR2130568,Qatari
SRR2130593,Qatari
SRR2125419,Qatari
SRR2130576,Qatari
SRR2130379,Qatari
SRR2969831,South Asia
SRR2130882,Qatari
SRR2130481,Qatari
SRR2141763,Qatari
SRR2125362,Qatari
SRR2130562,Qatari
SRR2130400,Qatari
SRR2969900,Middle East
SRR2969919,Middle East
SRR2969692,Qatari
SRR2130424,Qatari
SRR2130447,Qatari
SRR2969628,Qatari
SRR2969832,South Asia
SRR2141753,Qatari
SRR2130688,Qatari
SRR2130930,Qatari
SRR2130514,Qatari
SRR2141740,Qatari
SRR2130385,Qatari
SRR2130392,Qatari
SRR2130616,Qatari
SRR2130810,Qatari
SRR2130707,Qatari
SRR2141723,Qatari
SRR2130875,Qatari
SRR2125319,Qatari
SRR2130785,Qatari
SRR2969661,Qatari
SRR2130703,Qatari
SRR2125380,Qatari
SRR2969610,Qatari
SRR2125341,Qatari
SRR2969809,Middle East
SRR2969902,Middle East
SRR2130432,Qatari
SRR2130902,Qatari
SRR2130414,Qatari
SRR2125429,Qatari
SRR2969889,Qatari
SRR2130694,Qatari
SRR2969959,Middle East
SRR2130789,Qatari
SRR2130976,Qatari
SRR2130535,Qatari
SRR2969883,Middle East
SRR2969887,Middle East
SRR2130469,Qatari
SRR2130452,Qatari
SRR2130600,Qatari
SRR2969685,South Asia
SRR2130941,Qatari
SRR2125336,Qatari
SRR2130964,Qatari
SRR2130835,Qatari
SRR2130767,Qatari
SRR2130821,Qatari
SRR2130573,Qatari
SRR2141796,Qatari
SRR2125348,Qatari
SRR2969830,South Asia
SRR2130485,Qatari
SRR2969910,America
SRR2130831,Qatari
SRR2130818,Qatari
SRR2130749,Qatari
SRR2130519,Qatari
SRR2130386,Qatari
SRR2969742,Middle East
SRR2125426,Qatari
SRR2969753,South Asia
SRR2969643,Qatari
SRR2130632,Qatari
SRR2130426,Qatari
SRR2130435,Qatari
SRR2125324,Qatari
SRR2969695,Qatari
SRR2141741,Qatari
SRR2130860,Qatari
SRR2969863,Qatari
SRR2130782,Qatari
SRR2130744,Qatari
SRR2130905,Qatari
SRR2125301,Qatari
SRR2125370,Qatari
SRR2969782,Qatari
SRR2130664,Qatari
SRR2130731,Qatari
SRR2130832,Qatari
SRR2141718,Qatari
SRR2125401,Qatari
SRR2969822,South Asia
SRR2125340,Qatari
SRR2130936,Qatari
SRR2130924,Qatari
SRR2130484,Qatari
SRR2969839,Africa
SRR2130912,Qatari
SRR5264034,Qatari
SRR2125379,Qatari
SRR2130892,Qatari
SRR2969862,South Asia
SRR2130698,Qatari
SRR2969802,Middle East
SRR2130814,Qatari
SRR2130691,Qatari
SRR2130362,Qatari
SRR2130675,Qatari
SRR2130381,Qatari
SRR2130811,Qatari
SRR2130659,Qatari
SRR2130566,Qatari
SRR2125347,Qatari
SRR2141758,Qatari
SRR2130804,Qatari
SRR2125410,Qatari
SRR2141742,Qatari
SRR2969844,Middle East
SRR2130876,Qatari
SRR2130544,Qatari
SRR2141738,Qatari
SRR2969732,Middle East
SRR2130563,Qatari
SRR2969745,Qatari
SRR2130973,Qatari
SRR2130483,Qatari
SRR2969888,Qatari
SRR2969920,Africa
SRR2130603,Qatari
SRR2969941,Africa
SRR2141784,Qatari
SRR2969700,Qatari
SRR2130673,Qatari
SRR2130428,Qatari
SRR2130482,Qatari
SRR2125397,Qatari
SRR2125294,Qatari
SRR2125282,Qatari
SRR2130699,Qatari
SRR2130638,Qatari
SRR2141769,Qatari
SRR2969674,Qatari
SRR2130506,Qatari
SRR2141788,Qatari
SRR2130614,Qatari
SRR2130710,Qatari
SRR2969681,Qatari
SRR2130734,Qatari
SRR2969914,Qatari
SRR2130609,Qatari
SRR2125354,Qatari
SRR2141780,Qatari
SRR2130868,Qatari
SRR2130730,Qatari
SRR2125281,Qatari
SRR2130462,Qatari
SRR2125342,Qatari
SRR2130534,Qatari
SRR2130792,Qatari
SRR2141757,Qatari
SRR2125403,Qatari
SRR2969772,Middle East
SRR2130636,Qatari
SRR2130542,Qatari
SRR2130397,Qatari
SRR2125383,Qatari
SRR2969715,Qatari
SRR2125421,Qatari
SRR2130968,Qatari
SRR2130654,Qatari
SRR2130794,Qatari
SRR2130383,Qatari
SRR2130413,Qatari
SRR2130932,Qatari
SRR2125318,Qatari
SRR2130436,Qatari
SRR2130561,Qatari
SRR2130490,Qatari
SRR2969789,Qatari
SRR2130916,Qatari
SRR2969845,Africa
SRR2130765,Qatari
SRR2130451,Qatari
SRR2969619,Qatari
SRR2969620,Qatari
SRR2130433,Qatari
SRR2130808,Qatari
SRR2130489,Qatari
SRR5264032,Qatari
SRR2130951,Qatari
SRR2969712,Qatari
SRR2130669,Qatari
SRR2969633,Qatari
SRR2969858,South Asia
SRR2130390,Qatari
SRR2130780,Qatari
SRR2130830,Qatari
SRR2969926,Middle East
SRR2130873,Qatari
SRR2130602,Qatari
SRR2130523,Qatari
SRR2969690,Middle East
SRR2130537,Qatari
SRR2141746,Qatari
SRR2130647,Qatari
SRR2969618,Qatari
SRR2125377,Qatari
SRR2130886,Qatari
SRR2969880,South Asia
SRR2969841,Middle East
SRR2130705,Qatari
SRR2969655,Qatari
SRR2130920,Qatari
SRR2130491,Qatari
SRR2130412,Qatari
SRR2130416,Qatari
SRR2130457,Qatari
SRR2969631,Qatari
SRR2969811,Middle East
SRR2130974,Qatari
SRR2125415,Qatari
SRR5264030,Qatari
SRR2969672,Qatari
SRR2969854,Middle East
SRR2125431,Qatari
SRR2125293,Qatari
SRR2969746,Qatari
SRR2969762,Middle East
SRR2125280,Qatari
SRR2141719,Qatari
SRR2130729,Qatari
SRR2130441,Qatari
SRR2130901,Qatari
SRR2969916,Middle East
SRR2130908,Qatari
SRR2125406,Qatari
SRR2130950,Qatari
SRR5264029,Qatari
SRR2130518,Qatari
SRR2130465,Qatari
SRR2969856,Middle East
SRR2130674,Qatari
SRR2130398,Qatari
SRR2969727,Middle East
SRR2130980,Qatari
SRR2130640,Qatari
SRR2969701,Qatari
SRR2141722,Qatari
SRR2969666,Qatari
SRR2130747,Qatari
SRR2130692,Qatari
SRR2969911,America
SRR2130584,Qatari
SRR2969626,Qatari
SRR2130672,Qatari
SRR2130401,Qatari
SRR2130844,Qatari
SRR2969688,Qatari
SRR2969801,Middle East
SRR2125388,Qatari
SRR2969773,Africa
SRR2141713,Qatari
SRR2130834,Qatari
SRR2130477,Qatari
SRR2125353,Qatari
SRR2969805,Qatari
SRR2130407,Qatari
SRR2130476,Qatari
SRR2969686,Middle East
SRR2130945,Qatari
SRR2130655,Qatari
SRR2969960,Middle East
SRR2969640,Qatari
SRR2125326,Qatari
SRR2969678,Qatari
SRR2130929,Qatari
SRR2141726,Qatari
SRR2130713,Qatari
SRR2130598,Qatari
SRR2130450,Qatari
SRR2130716,Qatari
SRR2969906,Middle East
SRR2969872,Africa
SRR2130612,Qatari
SRR2141794,Qatari
SRR2969638,Qatari
SRR2130977,Qatari
SRR2130619,Qatari
SRR2130874,Qatari
SRR2130676,Qatari
SRR2130440,Qatari
SRR2969944,Middle East
SRR2130795,Qatari
SRR2125400,Qatari
SRR2130954,Qatari
SRR2969630,Qatari
SRR2969613,Qatari
SRR2130853,Qatari
SRR2130819,Qatari
SRR2130962,Qatari
SRR2969930,Qatari
SRR2130444,Qatari
SRR2130429,Qatari
SRR2969646,Qatari
SRR2125405,Qatari
SRR2130915,Qatari
SRR2130622,Qatari
SRR2969641,Qatari
SRR2130770,Qatari
SRR2130548,Qatari
SRR2969950,Qatari
SRR2130549,Qatari
SRR2969952,South Asia
SRR2969824,Middle East
SRR2130937,Qatari
SRR2969828,Middle East
SRR2130541,Qatari
SRR2969735,South Asia
SRR2130921,Qatari
SRR2130864,Qatari
SRR2130378,Qatari
SRR2130494,Qatari
SRR2969704,Qatari
SRR2130861,Qatari
SRR2969859,Africa
SRR2969758,South Asia
SRR2130743,Qatari
SRR2130700,Qatari
SRR2130493,Qatari
SRR2969909,America
SRR2969851,Africa
SRR2141767,Qatari
SRR2130608,Qatari
SRR2130774,Qatari
SRR2130531,Qatari
SRR2969721,South Asia
SRR2969876,Middle East
SRR2130529,Qatari
SRR2969668,Qatari
SRR2141793,Qatari
SRR2969792,South Asia
SRR2130738,Qatari
SRR2130555,Qatari
SRR2130889,Qatari
SRR2125299,Qatari
SRR2130914,Qatari
SRR2125263,Qatari
SRR2969636,Qatari
SRR2969884,Middle East
SRR2130615,Qatari
SRR2130587,Qatari
SRR2969656,Qatari
SRR2125376,Qatari
SRR2130933,Qatari
SRR2969812,Middle East
SRR2130922,Qatari
SRR2969855,Middle East
SRR2969673,Qatari
SRR2130384,Qatari
SRR2969815,Middle East
SRR2130635,Qatari
SRR2969671,Qatari
SRR2130667,Qatari
SRR2130663,Qatari
SRR2969768,Africa
SRR2969702,Qatari
SRR2141795,Qatari
SRR2130471,Qatari
SRR2969752,South Asia
SRR2130498,Qatari
SRR2130904,Qatari
SRR2969810,Middle East
SRR2969933,Middle East
SRR2130434,Qatari
SRR2969664,Qatari
SRR2130787,Qatari
SRR2130907,Qatari
SRR2130634,Qatari
SRR2141775,Qatari
SRR2125385,Qatari
SRR2125327,Qatari
SRR2130445,Qatari
SRR2130454,Qatari
SRR2969917,Middle East
SRR2130657,Qatari
SRR2130776,Qatari
SRR2130526,Qatari
SRR2130668,Qatari
SRR2130545,Qatari
SRR2130758,Qatari
SRR2130762,Qatari
SRR2141743,Qatari
SRR2130594,Qatari
SRR2141765,Qatari
SRR2969958,South Asia
SRR2969650,Qatari
SRR2969698,Qatari
SRR2141768,Qatari
SRR2969714,Qatari
SRR2130865,Qatari
SRR2969621,Qatari
SRR2141779,Qatari
SRR2969775,Africa
SRR2130918,Qatari
SRR2969790,South Asia
SRR2130422,Qatari
SRR2130497,Qatari
SRR2969837,Africa
SRR2125411,Qatari
SRR2130533,Qatari
SRR2130408,Qatari
SRR2969947,South Asia
SRR2125425,Qatari
SRR2130418,Qatari
SRR2130624,Qatari
SRR2130797,Qatari
SRR2130751,Qatari
SRR2125402,Qatari
SRR2969730,Middle East
SRR2969691,South Asia
SRR2125291,Qatari
SRR2130790,Qatari
SRR2141785,Qatari
SRR2130631,Qatari
SRR2969784,Qatari
SRR2130825,Qatari
SRR2969823,Middle East
SRR2130517,Qatari
SRR2130760,Qatari
SRR2130610,Qatari
SRR2969659,Qatari
SRR5264031,Qatari
SRR2130653,Qatari
SRR2130817,Qatari
SRR2130521,Qatari
SRR2969818,Middle East
SRR2125394,Qatari
SRR2969829,America
SRR2125323,Qatari
SRR2125389,Qatari
SRR2130837,Qatari
SRR2130571,Qatari
SRR2130595,Qatari
SRR2969765,Middle East
SRR2130756,Qatari
SRR2130772,Qatari
SRR2969729,Qatari
SRR2125357,Qatari
SRR2969954,South Asia
SRR2130761,Qatari
SRR2130474,Qatari
SRR2969827,South Asia
SRR2969663,Qatari
SRR2141714,Qatari
SRR2969770,Africa
SRR2130966,Qatari
SRR2130881,Qatari
SRR2969662,Qatari
SRR2969852,Qatari
SRR2969724,South Asia
SRR2141759,Qatari
SRR2130572,Qatari
SRR2969806,Middle East
SRR2969869,Middle East
SRR2130879,Qatari
SRR2130617,Qatari
SRR2130680,Qatari
SRR2130410,Qatari
SRR2130745,Qatari
SRR2969929,Middle East
SRR2969717,Qatari
SRR2125333,Qatari
SRR5264035,Qatari
SRR2130472,Qatari
SRR2130649,Qatari
SRR2130740,Qatari
SRR2969651,Qatari
SRR2969943,Middle East
SRR2130559,Qatari
SRR2130438,Qatari
SRR2130665,Qatari
SRR2969843,Africa
SRR2969934,Middle East
SRR2969635,Qatari
SRR2130504,Qatari
SRR2125393,Qatari
SRR2130387,Qatari
SRR2969797,Middle East
SRR2130890,Qatari
SRR2130725,Qatari
SRR2130662,Qatari
SRR2125392,Qatari
SRR2141750,Qatari
SRR2130893,Qatari
SRR2125404,Qatari
SRR2969905,Middle East
SRR2130560,Qatari
SRR2130582,Qatari
SRR2130913,Qatari
SRR2969948,Qatari
SRR2969836,Africa
SRR2969890,Middle East
SRR2125368,Qatari
SRR2969928,Middle East
SRR2969878,Africa
SRR2969677,Qatari
SRR2125371,Qatari
SRR2130423,Qatari
SRR2130816,Qatari
SRR2130588,Qatari
SRR2130495,Qatari
SRR2125427,Qatari
SRR2130824,Qatari
SRR2130546,Qatari
SRR2130446,Qatari
SRR2130458,Qatari
SRR2969747,Qatari
SRR2130727,Qatari
SRR2130826,Qatari
SRR2130502,Qatari
SRR2969946,Middle East
SRR2130842,Qatari
SRR2130801,Qatari
SRR2130365,Qatari
SRR2141755,Qatari
SRR2141724,Qatari
SRR2125416,Qatari
SRR2130955,Qatari
SRR2969608,Qatari
SRR2125417,Qatari
SRR2969754,Middle East
SRR2969877,Middle East
SRR2130849,Qatari
SRR2130368,Qatari
SRR2130463,Qatari
SRR2130726,Qatari
SRR2141749,Qatari
SRR2125391,Qatari
SRR2969913,Qatari
SRR2130459,Qatari
SRR2130884,Qatari
SRR2130840,Qatari
SRR2969703,Qatari
SRR2130938,Qatari
SRR2125350,Qatari
SRR2969904,Middle East
SRR2130656,Qatari
SRR2969918,Middle East
SRR2130829,Qatari
SRR2130693,Qatari
SRR2125290,Qatari
SRR2969696,Qatari
SRR2130820,Qatari
SRR2130637,Qatari
SRR2125386,Qatari
SRR2130768,Qatari
SRR2130370,Qatari
SRR2969804,Africa
SRR2141764,Qatari
SRR2130766,Qatari
SRR2130475,Qatari
SRR2125277,Qatari
SRR2130812,Qatari
SRR2969923,Africa
SRR2130909,Qatari
SRR2130975,Qatari
SRR2141790,Qatari
SRR2130736,Qatari
SRR2125408,Qatari
SRR2130805,Qatari
SRR2969868,Middle East
SRR2969736,Middle East
SRR2125283,Qatari
SRR2130515,Qatari
SRR2130764,Qatari
SRR2130682,Qatari
SRR2130470,Qatari
SRR2969707,Qatari
SRR2141717,Qatari
SRR2141781,Qatari
SRR2130708,Qatari
SRR2969699,Qatari
SRR2969871,East Asia
SRR2130704,Qatari
SRR2130554,Qatari
SRR2130516,Qatari
SRR2969737,Middle East
SRR2130971,Qatari
SRR2125436,Qatari
SRR2969622,Qatari
SRR2969793,South Asia
SRR2969814,Middle East
SRR2130500,Qatari
SRR2130661,Qatari
SRR2130769,Qatari
SRR2130580,Qatari
SRR2130430,Qatari
SRR2130511,Qatari
SRR2130453,Qatari
SRR2969741,Middle East
SRR2141725,Qatari
SRR2125250,Qatari
SRR2969634,Qatari
SRR2969961,Middle East
SRR2130651,Qatari
SRR2130419,Qatari
SRR2969899,Middle East
SRR2130645,Qatari
SRR2130910,Qatari
SRR2130643,Qatari
SRR2125420,Qatari
SRR2125343,Qatari
SRR2141744,Qatari
SRR2130551,Qatari
SRR2130911,Qatari
SRR2130696,Qatari
SRR2969820,South Asia
SRR2130627,Qatari
SRR2969925,Middle East
SRR2130799,Qatari
SRR2130946,Qatari
SRR2125367,Qatari
SRR2130732,Qatari
SRR2125339,Qatari
SRR2141735,Qatari
SRR2969680,Qatari
SRR2969964,East Asia
SRR2125424,Qatari
SRR2969853,Middle East
SRR2969683,Qatari
SRR2130530,Qatari
SRR2130552,Qatari
SRR2969771,Africa
SRR2130783,Qatari
SRR2130925,Qatari
SRR2130592,Qatari
SRR2130949,Qatari
SRR2969694,Qatari
SRR2130404,Qatari
SRR2969759,South Asia
SRR2125374,Qatari
SRR2130403,Qatari
SRR2969849,Middle East
SRR2125321,Qatari
SRR2130646,Qatari
SRR2130648,Qatari
SRR2130939,Qatari
SRR2125382,Qatari
SRR2130755,Qatari
SRR2130717,Qatari
SRR2130520,Qatari
SRR2969723,South Asia
SRR2125395,Qatari
SRR2125378,Qatari
SRR2130917,Qatari
SRR2969609,Qatari
SRR2969834,South Asia
SRR2130958,Qatari
SRR2125300,Qatari
SRR2130618,Qatari
SRR2969848,Middle East
SRR2130862,Qatari
SRR2125286,Qatari
SRR2141791,Qatari
SRR2130366,Qatari
SRR2969846,Middle East
SRR2969938,Middle East
SRR2969942,Qatari
SRR2130496,Qatari
SRR2130425,Qatari
SRR2969676,Qatari
SRR2130866,Qatari
SRR2130478,Qatari
SRR2969708,Qatari
SRR2969748,Middle East
SRR2969798,South Asia
SRR2125338,Qatari
SRR2130527,Qatari
SRR2141774,Qatari
SRR2969922,Africa
SRR2969669,Qatari
SRR2969840,Middle East
SRR2125345,Qatari
SRR2130888,Qatari
SRR2969924,Middle East
SRR2130420,Qatari
SRR2125423,Qatari
SRR2130364,Qatari
SRR2130851,Qatari
SRR2130690,Qatari
SRR2969927,Middle East
SRR2969763,Middle East
SRR2130456,Qatari
SRR2141729,Qatari
SRR2130468,Qatari
SRR2125360,Qatari
SRR2130575,Qatari
SRR2130784,Qatari
SRR2130960,Qatari
SRR2969825,Middle East
SRR2141773,Qatari
SRR2130715,Qatari
SRR2130947,Qatari
SRR2125399,Qatari
SRR2130558,Qatari
SRR2141730,Qatari
SRR2969962,Middle East
SRR2969901,Middle East
